[{"name":"ramesh","registration_no":"104230","contact":"9840592488","mail":"rameshsharma@gmail.com","password":"hum123","type":"admin"},{"name":"rohan","registration_no":"123224","contact":"9876543221","mail":"rohan@gmail.com","password":"rohan123","type":"user"},{"name":"jeni","registration_no":"211416","contact":"1234567678","mail":"jeni@gmail.com","password":"jeni","type":"user"},{"name":"jack","registration_no":"3456","contact":"8667846184","mail":"jack@gmail.com","password":"jack123","type":"user"}]